"content","uid","tid","pid","timestamp","deleted","upvotes","downvotes","deleterUid","edited","replies","bookmarks","votes","timestampISO","editedISO"
"""# Welcome to your brand new NodeBB forum!\n\nThis is what a topic and post looks like. As an administrator, you can edit the post\'s title and content.\nTo customise your forum, go to the [Administrator Control Panel](../../admin). You can modify all aspects of your forum there, including installation of third-party plugins.\n\n## Additional Resources\n\n* [NodeBB Documentation](https://docs.nodebb.org)\n* [Community Support Forum](https://community.nodebb.org)\n* [Project repository](https://github.com/nodebb/nodebb)""",1,1,1,1676042580955,0,0,0,0,0,0,0,0,"2023-02-10T15:23:00.955Z",""
"""Hello world""",1,2,2,1676044981607,0,0,0,0,0,0,0,0,"2023-02-10T16:03:01.607Z",""
"""Should be anonymous""",1,3,3,1677780968650,0,0,0,0,0,0,0,0,"2023-03-02T18:16:08.650Z",""
"""asdfasdasd""",1,4,4,1677781729976,0,0,0,0,0,0,0,0,"2023-03-02T18:28:49.976Z",""
"""Asdfasdf""",1,5,5,1677782334195,0,0,0,0,0,0,0,0,"2023-03-02T18:38:54.195Z",""
"""Hello there.""",1,5,6,1677782354373,0,0,0,0,0,0,0,0,"2023-03-02T18:39:14.373Z",""
"""testing testing""",1,6,7,1677782727546,0,0,0,0,0,0,0,0,"2023-03-02T18:45:27.546Z",""
"""testing again""",1,6,8,1677783031310,0,0,0,0,0,0,0,0,"2023-03-02T18:50:31.310Z",""
"""asdf asdf""",1,6,9,1677783124045,0,0,0,0,0,0,0,0,"2023-03-02T18:52:04.045Z",""
"""*italicised text*""",1,7,10,1677783144211,0,0,0,0,0,0,0,0,"2023-03-02T18:52:24.211Z",""
"""Not anonymous""",1,6,11,1677783376935,0,0,0,0,0,0,0,0,"2023-03-02T18:56:16.935Z",""
"""Hello there""",1,6,12,1677783724430,0,0,0,0,0,0,0,0,"2023-03-02T19:02:04.430Z",""
"""asdfasdfasdf""",1,6,13,1677783845088,0,0,0,0,0,0,0,0,"2023-03-02T19:04:05.088Z",""
"""asdfasdf""",1,6,14,1677783947218,0,0,0,0,0,0,0,0,"2023-03-02T19:05:47.218Z",""
"""asdfasdf""",1,6,15,1677784009206,0,0,0,0,0,0,0,0,"2023-03-02T19:06:49.206Z",""
"""testing 123!""",1,6,16,1677784024514,0,0,0,0,0,0,0,0,"2023-03-02T19:07:04.514Z",""
"""asdfasdf""",1,6,17,1677784034223,0,0,0,0,0,0,0,0,"2023-03-02T19:07:14.223Z",""
"""asdfasdf""",1,8,18,1677784042500,0,0,0,0,0,0,0,0,"2023-03-02T19:07:22.500Z",""
"""**bolded text**""",1,9,19,1677784129376,0,0,0,0,0,0,0,0,"2023-03-02T19:08:49.376Z",""
"""asdf!asdf""",1,9,20,1677784160385,0,0,0,0,0,0,0,0,"2023-03-02T19:09:20.385Z",""
"""**bolded text**""",1,10,21,1677784450306,0,0,0,0,0,0,0,0,"2023-03-02T19:14:10.306Z",""
"""helloasddf""",1,10,22,1677784460448,0,0,0,0,0,0,0,0,"2023-03-02T19:14:20.448Z",""
"""asdf*italicised text*""",1,11,23,1677784782640,0,0,0,0,0,0,0,0,"2023-03-02T19:19:42.640Z",""
"""@Anonymous said in [asdfasdf](/post/23):\n> asdfitalicised""",1,11,24,1677784798563,0,0,0,0,0,0,0,0,"2023-03-02T19:19:58.563Z",""
"""asdfasdf""",1,12,25,1677784854945,0,0,0,0,0,0,0,0,"2023-03-02T19:20:54.945Z",""